"name","email","password"
"TESTMAN","test@test.com","$2y$10$vM.8dVJGW4xzZOu17t74C.ZSIb6ur6wyo9ibu.0tXu.Bo99GJdUe."
"Leanne Graham","Sincere@april.biz","$2y$10$ZF3/9bMGhKaFysi54WByFODDqO6Ozn1RfvlW8fkddzLuCeu9deRl."
"Ervin Howell","Shanna@melissa.tv","$2y$10$mNUdNwIHmm0LitMWG8STfeAPZ5NHDiN1nru2ZbUkm4k5X1Q7LbZqS"
"Clementine Bauch","Nathan@yesenia.net","$2y$10$RHfogj/pjRfm7fIZIuCd0uzaY2KrPIsr9hN3hoScWUxiUMZpjZ9kC"
"Patricia Lebsack","Julianne.OConner@kor","$2y$10$ykn2Ez6ft9R1GsqidDEvhOxgz3C0KI67IttzAiKJV1C1fOfxccQE6"
"Chelsey Dietrich","Lucio_Hettinger@anni","$2y$10$rDDzgKPp458vFeEBxnvMJeE4Hl2FIU8Yn5.S85owDcDsw8laZhPzC"
"Mrs. Dennis Schulist","Karley_Dach@jasper.i","$2y$10$WE3fvPKfcALy.GP09kHfYuQA4QvLLWJB5nnhBcS1Ygc.dlGngEaly"
"Kurtis Weissnat","Telly.Hoeger@billy.b","$2y$10$T9RJ8uLWC712nAJ7gweM0.D.FDsyB7DLaMeDSBAeF5PoUqfLY/vHO"
"Nicholas Runolfsdottir V","Sherwood@rosamond.me","$2y$10$/3ZTeev4UW5AtgqbgajXpeW5RbYcTqdekZIMm3KEuVN4HBTIythqi"
"Glenna Reichert","Chaim_McDermott@dana","$2y$10$K/BeAMVdaWd/Y/hGhs2dVOrMb.ZC2.IChoBIuZZUDpM6fQhzZl8cG"
"Clementina DuBuque","Rey.Padberg@karina.b","$2y$10$7M5qRndsTQp1ywrNuHsOleXxnr449slHjW1xwTWLtPt0dNKp.zmJq"
